{
    "pagination": {
        "last_visible_page": 2556,
        "has_next_page": true,
        "current_page": 1,
        "items": {
            "count": 25,
            "total": 63886,
            "per_page": 25
        }
    },
    "data": [
        {
            "mal_id": 417,
            "url": "https://myanimelist.net/character/417/Lelouch_Lamperouge",
            "images": {
                "jpg": {
                    "image_url": "https://cdn.myanimelist.net/images/characters/8/406163.jpg"
                },
                "webp": {
                    "image_url": "https://cdn.myanimelist.net/images/characters/8/406163.webp",
                    "small_image_url": "https://cdn.myanimelist.net/images/characters/8/406163t.webp"
                }
            },
            "name": "Lelouch Lamperouge",
            "name_kanji": "ルルーシュ・ランペルージ",
            "nicknames": [
                "Lelouch vi Britannia",
                "Zero",
                "Lulu",
                "Black Prince",
                "The Demon Emperor"
            ],
            "favorites": 157829,
            "about": "Age: 17 (first season), 18 (second season)\nDate of Birth:  December 5, 1999 a.t.b. (Sagittarius)\nBlood Type: A\nNationality: Britannian\nHeight: 178 cm (5'10\")\nWeight: 56 kg (123 lbs)\nOccupation: Student, Terrorist, Knightmare Pilot, Politician, Emperor, Prince\nAllegiance: Order of the Black Knights\nPosition: Leader of the Black Knights\nKnightmare: Sutherland, Burai, Gawain, Shinkirou\n\nLelouch vi Britannia (ルルーシュ・ヴィ・ブリタニア, Rurūshu Vui Buritania) is the main protagonist of the anime/manga series Code Geass. He is the Eleventh Prince of the Holy Britannian Empire and the son of the 98th Emperor of Britannia, Charles zi Britannia.\n\nLelouch is a very clever individual who is also calm, sophisticated, and arrogant due to his aristocratic upbringing. While at school, Lelouch conducts himself as a friendly, likable, and often an easygoing student. However, this is a mask to hide his true nature. While as Zero, his true nature is expressed. His charisma and beliefs in justice gain him the trust and respect of many soldiers and leaders.\n\nHe is known for having a very stoic personality. He never cared about schoolwork, seeing the entire thing as trivial, even though his high intelligence would make it easy for him. He enjoys seeking out challenges, often playing chess against the nobility. In general, Lelouch takes most day-to-day affairs with open disinterest, often not even noticing the affection of others, especially Shirley, his classmate. He has a strong dislike for nobles, viewing them as tepid and \"overprivileged parasites.\"\n\nMany characters have noted that Lelouch is entirely selfish, as his desire to remake the world into what he wants it to become from his desire to avenge his mother's apparent death and Nunnally's sake. However, in time, he realizes that this goal is not just for them but also the entire world.\n\nDespite his cold, calculating demeanor and ruthlessness in battle, he can be a rather compassionate person to his friends and loved ones. To Nunnally, he is a loving older brother, and to Suzaku, a loyal friend, although the two are enemies. Lelouch, at first glance, seems to have relatively little concern for the well-being of his subordinates, but in reality, he does care about them, seeing them as valuable allies.\n\n\nCharacter Background (as Lelouch):\n\nCharacter Background (as Zero):\n\nFirst Season:\n\nSecond Season:\n\n\nGeass:\nLelouch's Geass, bestowed upon him by C.C., gives him \"The Power of Absolute Obedience,\" allowing him to plant commands within a person's mind upon eye contact in a manner comparable to hypnosis. Activation of his Geass is visually represented by the manifestation of a Geass Sigil in his left eye. Commands dictated are written into the minds of the designated targets, the Sigil projecting him from his eye to theirs.\n\nOf all the Geass abilities in the series, Lelouch's has been explored the most and also seems to have the most restrictions, and side effects of any Geass introduced:(Source: Code Geass Wiki, Villains Wiki, Heroes Wiki, Anime and Manga Universe Wiki)"
        },
        {
            "mal_id": 45627,
            "url": "https://myanimelist.net/character/45627/Levi",
            "images": {
                "jpg": {
                    "image_url": "https://cdn.myanimelist.net/images/characters/2/241413.jpg"
                },
                "webp": {
                    "image_url": "https://cdn.myanimelist.net/images/characters/2/241413.webp",
                    "small_image_url": "https://cdn.myanimelist.net/images/characters/2/241413t.webp"
                }
            },
            "name": "Levi",
            "name_kanji": "リヴァイ",
            "nicknames": [],
            "favorites": 131782,
            "about": "Birthday: December 25\nHeight: 160 cm (5'3\")\nWeight: 65 kg (143 lbs)\nAffiliations: Scouting Legion, Special Operations Squad\n\nLevi is known as humanity's most powerful soldier. He's ranked as Captain of the Scouting Legion division. Levi is also the leader of the Special Operations Squad, an elite team that he hand-picked in order to protect Eren Yeager. While it is said that he is blunt and unapproachable, it is noted that he has a strong respect for structure and discipline. There are rumors that he was originally part of underground crime before he became a soldier. Although he often appears to be unfriendly, he cares deeply for his team and has never undervalued human life. He is also a notorious clean-freak.\n\n\nNote: Levi is the official English translation by Kodansha."
        },
        {
            "mal_id": 40,
            "url": "https://myanimelist.net/character/40/Luffy_Monkey_D",
            "images": {
                "jpg": {
                    "image_url": "https://cdn.myanimelist.net/images/characters/9/310307.jpg"
                },
                "webp": {
                    "image_url": "https://cdn.myanimelist.net/images/characters/9/310307.webp",
                    "small_image_url": "https://cdn.myanimelist.net/images/characters/9/310307t.webp"
                }
            },
            "name": "Luffy Monkey D.",
            "name_kanji": "モンキー・D・ルフィ",
            "nicknames": ["Mugiwara", "Straw Hat", "Lucy", "Luffytaro"],
            "favorites": 120515,
            "about": "Age: 17; 19\nBirthdate: May 5, Taurus\nHeight: 172 cm; 174 cm\nBlood type: F\nAffiliation: Straw Hat Pirates\nPosition: Captain\nDevil fruit: Gomu Gomu no Mi (Gum Gum Fruit)\nType: Paramecia \nBounty:\nLuffy is the captain of the Straw Hat Pirates and is best friends with all of them and values them over all else. At first glance, Luffy does not appear to be very intelligent, often seeing things in a childish manner and can easily be amazed by the simplest things. However, because he views the world in a straightforward and simple manner, he is occasionally the only person who can see past the events and see what should be done.\n\nLuffy seems to have an unstoppable appetite, a characteristic that is common to the Japanese archetype of the (at times simple-minded) young male hero/adventurer with a heart of gold; perhaps the hunger more so in Luffy's case due to having an elastic stomach. Luffy is also another one of the several characters given the middle initial \"D.\"\n\nAlthough Luffy is fairly lightheaded and a funny character, he has an unstoppable sense of determination, optimism, and commitment and will do anything to stand up for his friends and comrades. Along with that, he has great courage to back it up as well as unbelievable strength. Ever since consuming the devil fruit he was shown to be not worried about his inability to swim, much like his brother. Much of these traits are common among D's. His only display of true fear is towards his grandfather, to the point that he is intimidated at the mere mention of him.\n\nLuffy never kills any of his enemies, no matter how cold-hearted they are; instead, he frequently sends the villain flying, knocking them out or beating them to a point that they are almost near death, which results in some of the villains searching for revenge, such as Buggy the Clown and Alvida. Oda explains that it's not a question of morality so much as a matter of punishing the villains for their crimes - he feels that killing the villains lets them off too lightly, whereas he considers letting them live to see their dreams be ruined a far more fitting punishment.\n\nLuffy's dream is to find the One Piece and become Pirate King. He knows that to achieve his goal, he will have to defeat many strong opponents, including the World Government and his childhood hero Shanks."
        },
        {
            "mal_id": 71,
            "url": "https://myanimelist.net/character/71/L_Lawliet",
            "images": {
                "jpg": {
                    "image_url": "https://cdn.myanimelist.net/images/characters/10/249647.jpg"
                },
                "webp": {
                    "image_url": "https://cdn.myanimelist.net/images/characters/10/249647.webp",
                    "small_image_url": "https://cdn.myanimelist.net/images/characters/10/249647t.webp"
                }
            },
            "name": "L Lawliet",
            "name_kanji": "エル ローライト",
            "nicknames": ["Ryuga Hideki", "Ryuzaki", "Eraldo Coil", "Deneuve"],
            "favorites": 120355,
            "about": "Birthday: October 31, 1979 (1982 in anime)\nZodiac sign: Scorpio\nHeight: 179 cm (5'10\")\nWeight: 50 kg (110 lbs.)\nLikes: sweets\nDislikes: Wearing socks\n\nL, who also uses the aliases Hideki Ryuga, Ryuzaki, Eraldo Coil and Deneuve, the latter two for which he has developed reputations as the second—and third—best detectives in the world, is quite secretive and only communicates with the world through his assistant Watari. He never shows his face to the world, instead of representing himself with a capital L in Cloister Black font. After meeting the Kira investigation team, he requests that the task force refers to him as Ryuzaki for discretion. The Kira investigation team never learns his true name.\n\nL's disheveled and languid appearance masks his great powers of deduction and insight. He tends to second-guess everything he is presented with and is extremely meticulous and analytical. He has several quirks such as preferring to crouch rather than sit, eating only sweet foods like desserts and fruits, and holding items very delicately. He stayed in England for five years, and during that time he was the champion in tennis for the England Junior Cup.\n\nL suggests that even though he eats only sweet foods, he remains underweight because the brain uses the most calories of any organ in the body. He also says that if he sits normally, his reasoning ability would drop 40%.\n\n(Source: Wikipedia, Death Note Profiles)"
        },
        {
            "mal_id": 62,
            "url": "https://myanimelist.net/character/62/Zoro_Roronoa",
            "images": {
                "jpg": {
                    "image_url": "https://cdn.myanimelist.net/images/characters/3/100534.jpg"
                },
                "webp": {
                    "image_url": "https://cdn.myanimelist.net/images/characters/3/100534.webp",
                    "small_image_url": "https://cdn.myanimelist.net/images/characters/3/100534t.webp"
                }
            },
            "name": "Zoro Roronoa",
            "name_kanji": "ロロノア・ゾロ",
            "nicknames": ["Pirate Hunter", "Marimo", "Zorojuro", "King Of Hell"],
            "favorites": 96161,
            "about": "Age: 19; 21\nBirthdate: November 11, Scorpio \nHeight: 178 cm (5'10\") , 181 (5'11\") (after timeskip)\nAffiliation: Straw Hat Pirates\nPosition: Swordsman\nDevil Fruit: None\nBounty: \nZoro was the first crew member to be recruited by Luffy. Zoro is a skilled swordsman who fights with his own unique sword style known as santoryu (three katana fighting style).This is achieved by using one katana in each hand and another in his mouth. He is also seen fighting with only one or two swords. When in a serious fight he ties his bandana, normally tied on the arm, on his head.\n\nThough not a samurai, he appears to maintain a certain degree of bushido, and is frequently mistaken for one. Unlike Luffy and most of the other Straw Hat pirates, Zoro has been known to kill his opponents if he has to, though never in cold blood.\n\nZoro has a stern, serious and distanced personality, but, unlike Robin, he often reacts in a goofy and exaggerated comic style due to his gruff, impatient attitude. On the ship, he normally either trains with weights or sleeps. The only work he is seen doing regularly is hoisting the anchor using his great strength. He also likes sake, almost to the degree that Luffy likes meat, but like Nami, he never gets drunk due to his inhumanly-high endurance and tolerance for alcohol. Another notable trait is his lack of orientation, as Zoro often gets lost, even in small, familiar spaces or when being led by someone. Despite this, he is often the first to sense an enemy or danger, and the first to react. He is often displayed being well aware of dangerous situations and people around him.\n\nZoro often also reminds others of the harsh facts, which often shocks some of the other crew members, although they usually decide he is right. Zoro has also stated that he is an atheist, and has never believed in anything except himself. He often comes across as arrogant and overconfident, but only because he knows he's a strong man with great fighting ability. Even so, Zoro knows that he still has a lot of untapped potential, and is constantly seen training and trying to improve his fighting skills. He also adheres to a strict sword master's code of honor, and never falsely brags or lies about his abilities, sometimes outright admitting a weakness, even to an enemy. He also never tries to escape from a fight or use trickery to win, believing that doing so is cowardly and scorning anyone who uses such tactics. Zoro is very vigorous, strong-willed, and determined."
        },
        {
            "mal_id": 80,
            "url": "https://myanimelist.net/character/80/Light_Yagami",
            "images": {
                "jpg": {
                    "image_url": "https://cdn.myanimelist.net/images/characters/6/63870.jpg"
                },
                "webp": {
                    "image_url": "https://cdn.myanimelist.net/images/characters/6/63870.webp",
                    "small_image_url": "https://cdn.myanimelist.net/images/characters/6/63870t.webp"
                }
            },
            "name": "Light Yagami",
            "name_kanji": "夜神 月",
            "nicknames": ["Kira", "God of the New World"],
            "favorites": 90037,
            "about": "Birthdate: February 28, 1986 (1989 in the anime)\nZodiac sign: Pisces\nHair color: Brown\nEye color: Brown\nHeight: 179 cm (5'10\")\nWeight: 64.1 kg (141 lbs.)\nBlood type: A\nOccupation: high school student, a university student, detective\nAge (during the series): 17-23\nLikes: Justice\nDislikes: Evil\n\nLight, born on February 28, 1986, is a third-year high school student (12th grade) at Daikoku Private Academy (大国学園, Daikoku Gakuen) who also attends supplemental classes at Gamou Prep Academy at the beginning of the story. Light has a father, Soichiro Yagami, who is the head of the Police Force. Light also has a mother, Sachiko Yagami, and a younger sister, Sayu Yagami.\n\nIn Spring 2004, Light becomes a first-year student (freshman) at To-Oh University (東応大学, Tōō Daigaku), becoming one of two freshman representatives; L is the other freshman representative. During a tennis game with L at To-Oh, spectators reveal that Light was the junior high school tennis champion in 1999 and 2000. After his 2000 victory, Light quit tennis as he entered high school.\n\nYagami Light is a brilliant college student. Nicknamed \"Kira,\" he uses the Death Note to create his ideal world of justice under him; its new God. Though he looks frail, Light is an extremely athletic person, with an aptitude to find an opponent's weak point. He is a genius, which adds to his notion that only he is fit to judge humanity and steer it on a proper moral course."
        },
        {
            "mal_id": 35252,
            "url": "https://myanimelist.net/character/35252/Rintarou_Okabe",
            "images": {
                "jpg": {
                    "image_url": "https://cdn.myanimelist.net/images/characters/6/122643.jpg"
                },
                "webp": {
                    "image_url": "https://cdn.myanimelist.net/images/characters/6/122643.webp",
                    "small_image_url": "https://cdn.myanimelist.net/images/characters/6/122643t.webp"
                }
            },
            "name": "Rintarou Okabe",
            "name_kanji": "岡部 倫太郎",
            "nicknames": ["Hououin Kyouma", "Okarin", "Mad Scientist"],
            "favorites": 89431,
            "about": "Age: 18 (Steins;Gate), 19 (Steins;Gate 0)\nBirthdate: December 14, 1991 (Sagittarius)\nBlood Type: A\nHeight: 177 cm (5'10\")\nWeight: 59kg\nAffiliations: Future Gadget Lab\nOccupation: University Student\n\nRintaro Okabe (岡部 倫太郎 Okabe Rintarō?), often nicknamed Okarin (オカリン) or Hououin Kyouma (鳳凰院凶真), is a self-proclaimed mad scientist and the main protagonist of the Steins;Gate series.\n\nOkabe is a theatrical and eccentric individual. He is a self-proclaimed mad scientist, who likes to assume his \"true name\" \"Kyouma Hououin\" (鳳凰院凶真, Hououin Kyouma), and often uses this to introduce himself to others. Usually, people do not care and instead address him by his actual name or by 'Okarin' (his nickname), much to his chagrin.\n\nOkabe is also socially inept; his social skills were so poor that Kurisu considers the childlike Mayuri to be usual by comparison. However, he isn't hesitant to lend a helping hand to people whom he'd never met. Although very intelligent, Okabe is easily deceived by others.\n\nOkabe likes to pose as an agent working against a specific \"Organization,\" which he suggests is always after him, as he believes this kind of image gives him an excellent and mysterious aura. However, this seems to disappear as the story progresses, with SERN likely replacing the \"Organization's\" villainous image. He usually gives off the impression of being delusional and paranoid, displaying eccentric mannerisms such as talking to himself on the phone and engaging in fits of maniacal laughter.\n\n\n\nCharacter Background:\n\nTimeline:\n\n\n\n\n\n\n\n\n\n(Source: Steins;Gate Wiki, Wikipedia)"
        },
        {
            "mal_id": 27,
            "url": "https://myanimelist.net/character/27/Killua_Zoldyck",
            "images": {
                "jpg": {
                    "image_url": "https://cdn.myanimelist.net/images/characters/2/327920.jpg"
                },
                "webp": {
                    "image_url": "https://cdn.myanimelist.net/images/characters/2/327920.webp",
                    "small_image_url": "https://cdn.myanimelist.net/images/characters/2/327920t.webp"
                }
            },
            "name": "Killua Zoldyck",
            "name_kanji": "キルア=ゾルディック",
            "nicknames": ["Kil"],
            "favorites": 89125,
            "about": "Age: 12 (Beginning), 14-15 (Current)\nBirthday: July 7th (2011), June 15th (1999)\nHeight: 158 cm \nWeight: 45 kg\nEye Color: Blue\nBlood Type: A\nOccupation: Assassin (Formerly), Hunter\nNen Type: Transmutation\nEquipment: Skateboard, Yo-Yos\nAbilities: \n\nKillua Zoldyck is the third child of Silva and Kikyo Zoldyck and the heir (former) of the Zoldyck Family. He is the deuteragonist of the series Hunter x Hunter.\n\nKillua is introduced as a character similar to Gon: cheeky, cheerful, and full of bad ideas. However, contrasting Gon's politeness, Killua can be pretty rude to others, mostly strangers and older people. He is also one of the quickest-thinking characters and often analyzes a situation with great ease and accuracy. Despite his young age, his way of thinking, knowledge, and pragmatism give him the attitude of an adult. He is initially very confident about his abilities and able to gauge other people's abilities accurately.\n\nA stark contrast to his best friend Gon, Killua is highly mature in both thinking and emotion. He can keep his anger in check and maintain rationality better than Gon even when facing a terrifying experience.\n\n\n\nCharacter Background:\n\nTimeline:\n\nHunter Exam Arc:\n\nZoldyck Family Arc:\n\nHeavens Arena Arc:\n\n\nYorknew City Arc:\n\n\nGreed Island Arc:\n\n\n\nChimera Ant Arc:\n\n\n\n\nFinal Arc:\n\n\n(Source: Hunterpedia Wiki)"
        },
        {
            "mal_id": 11,
            "url": "https://myanimelist.net/character/11/Edward_Elric",
            "images": {
                "jpg": {
                    "image_url": "https://cdn.myanimelist.net/images/characters/9/72533.jpg"
                },
                "webp": {
                    "image_url": "https://cdn.myanimelist.net/images/characters/9/72533.webp",
                    "small_image_url": "https://cdn.myanimelist.net/images/characters/9/72533t.webp"
                }
            },
            "name": "Edward Elric",
            "name_kanji": "エドワード・エルリック",
            "nicknames": ["Ed", "Fullmetal Alchemist", "Hagane no shounen", "Chibi", "Pipsqueak"],
            "favorites": 83564,
            "about": "Age: 15-16 (series), 18 (movie, end of the series)\nBirthday: 1899\nBirthplace: Resembool, Amestris\nFamily: Alphonse Elric (brother), Trisha Elric (mother, deceased), Van Hohenheim (father)\nAffiliations: State Military\nWinry Rockbell\nPinako Rockbell\nIzumi Curtis (teacher)\nRoy Mustang (Commander)\nSpecies: Human\nOccupation: State Alchemist\nAbilities: Alchemy, Martial Arts\nWeapon: Alchemy, Automail arm and leg\n\nEdward \"Fullmetal Alchemist\" Elric is a young alchemical prodigy. He is the youngest State Alchemist ever to be recognized by the Amestris State Military, having received the title at the age of 12. Ed's primary motivation throughout the series is to return his younger brother, Alphonse, to his original body, which was lost in a failed human transmutation. Edward, despite his occasional bouts of immaturity, is a selfless boy who gains a reputation as a \"hero of the people\" throughout his youth. Notably, he doesn't seem concerned about returning his own arm and leg, instead focusing entirely on Al's suffering.\n\nEdward is small for his age, standing at only 149 cm (4'11\"), however, his body is that of an experienced martial artist, with noticeable muscles and a wealth of agility. Although he lacks both his right arm and left leg, Ed's ability to fight is not impaired and is in fact improved, as he will often use alchemy to cause his metal arm to partly transform into a blade or shield. His heavy automail limbs are considered by him to be the very best in Amestris. They were made by his childhood friend, Winry Rockbell, and she is constantly working on them. He is able to think quickly, even in desperate situations, though can still be frightened into paralysis. These qualities, combined with his alchemical powers and physical strength, make him a formidable fighter.\n\nBorn to Trisha Elric and Van Hohenheim of Resembool in the winter of 1899, Edward's first few years were relatively happy; but after the sudden departure of his father during the lad's formative years, Ed was left with his mother and younger brother Alphonse as his only family. The three Elrics lived in peace in the rural village and the boys began displaying a remarkable talent for alchemy at a young age, much to the joyful astonishment of his mother. However, early in the year 1904, Trisha contracted an illness that had been spreading in the area and died, leaving her two sons orphaned. Even while mourning, mired in grief, Edward vowed to his brother that the two of them would find a way to bring their dead mother back to life with the power of alchemy.\n\nEdward and Alphonse spent the next few years living on their own in the Elric family home, supported by their close childhood friend Winry Rockbell and her grandmother Pinako, and pursuing the alchemical knowledge necessary for their planned resurrection. Although they had gained a great deal of information and comprehension regarding the extended basics of the craft, before long it became apparent to the young prodigies that there was only so far they could go while being self-taught. In a stroke of good fortune, Resembool was visited by an exceptionally skilled alchemist named Izumi Curtis who, after some persuasion, agreed to take the Elric brothers on as her apprentices provided they pass a preliminary test. After they do, the Elric brothers were subjected to Izumi's intensive alchemy and martial arts training, growing significantly in both mind and body and gaining a great deal of alchemical knowledge before returning to Resembool. \n\nThough instructed specifically by Izumi to understand that death is an irreversible part of the flow of the world and that acceptance of such is important to the \"One is All, All is One\" concept, the boys dove headlong into their plan to resurrect their mother upon their homecoming, having advanced their knowledge while abroad and discovered the basics of a forbidden practice called Human Transmutation.\n\nDevising a Human Transmutation Circle, amassing the elemental ingredients for an adult human body and offering their own blood as soul and biological data, the boys secretly initiated the Human Transmutation in their home. Unfortunately, the Human Transmutation resulted in a Rebound.\n\nAlphonse and Edward were pulled into The Gate. Encountering the mysterious being called Truth, Edward was stripped of his left leg in exchange for crossing into God's domain and peeking at the Gate's vast wealth of alchemical knowledge. Maimed and bleeding, Edward was returned to the human dimension to find that Alphonse had not yet returned from his disappearance into the Gate, that the mother they had attempted to revive was a grotesque mass of organs only capable of sustaining life for a few moments and that his own sojourn into the Gate had granted him the curious ability to perform transmutations merely by clapping his hands together, without the aid of a Transmutation Circle - in the same style used by Izumi. Desperate to at least have his brother by his side, Edward willfully performed another Human Transmutation to call him back, this time sacrificing his right arm in exchange for Al's soul, which he bound alchemically to an antique suit of armor with a Blood Rune before passing out from severe blood loss. Alphonse carried Ed to the Rockbell house, where a shocked Pinako and Winry performed emergency surgery to save the young boy's life.\n\nOn the night of the failed transmutation. Lt. Colonel Flame Alchemist Roy Mustang came to the Rockbell's in response to a letter that Edward and Alphonse had sent him in the mail asking about their Father. He was shocked at the fact that the two boys had tried human alchemy and survived, and informed them that they could become state alchemist and maybe one day find a way to return their bodies to the way they were. Desperate to get His younger brother's body back, Edward asked the Rockbells to give him prosthetic limbs called automail. Though they warned him the surgery would be painful, he said the pain was nothing compared to what his brother had given up. He only took a year to adapt to the automail at age 11 when it took most adults three years."
        },
        {
            "mal_id": 17,
            "url": "https://myanimelist.net/character/17/Naruto_Uzumaki",
            "images": {
                "jpg": {
                    "image_url": "https://cdn.myanimelist.net/images/characters/2/284121.jpg"
                },
                "webp": {
                    "image_url": "https://cdn.myanimelist.net/images/characters/2/284121.webp",
                    "small_image_url": "https://cdn.myanimelist.net/images/characters/2/284121t.webp"
                }
            },
            "name": "Naruto Uzumaki",
            "name_kanji": "うずまき ナルト",
            "nicknames": ["Nine-Tails Jinchuuriki"],
            "favorites": 78313,
            "about": "Age: 12-13 (Naruto part I), 15-17 (part II), 19 (The Last: Naruto the Movie), 27 (Naruto epilogue), 32 (Boruto: Naruto the Movie)\nBirthday: October 10\nBlood type: B\nHeight: 145–147 cm (I), 166 cm (II), 174 cm (The Last: Naruto the Movie), 180 cm (Boruto: Naruto the Movie)\nWeight: 41–44 kg (I), 52 kg (II), 56 kg (The Last: Naruto the Movie), 66 kg (Boruto: Naruto the Movie)\nFavorite food: Ichiraku ramen\n\nBorn in Konohagakure, a ninja village hidden in the leaves, Naruto Uzumaki was destined for greatness. When born, a powerful nine-tailed demon fox attacked his village. With a wave of its tail, the demon fox could raise tsunamis and shatter mountains. In a valiant attempt to save the village from destruction, the Fourth Hokage, the leader of the Hidden Leaf Village, sealed the demon fox within Naruto's newborn body. This was his final act, for the battle with the fox cost him his life.\n\nDespite the Fourth Hokage's dying wish that Naruto be viewed as a hero for serving as the container for the demon (a Jinchuuriki) the adult villagers of Konoha harbored a fierce hatred for him, with many believing that Naruto and the demon were one and the same. Cast aside as an inhuman monster, Naruto was outcast and ostracized by the villagers for reasons he could not understand. The children his age could only ever follow their parents' example; and they too came to harbor a fierce hatred for Naruto.\n\nNaruto eventually came to accept that he would live and die alone, and his external response was to perform harmless pranks on the village. Coy, raffish and full of life, Naruto soon came to display a somewhat unexpected determination to succeed and be accepted by others. Upon being assigned to \"Team Seven\" as a Genin-ranked ninja, his true potential soon became outwardly apparent.\n\nVowing to become Hokage one day and using his will to never give in, Naruto saves the village from invading forces and earns his acceptance. Eventually, Naruto learns to harness the power of the Demon Fox sealed inside him to perform acts of strength far beyond what any other human is capable of.\n\nIn all, Naruto is an admirable character whose sheer determination to succeed despite the odds, earns him respect and devotion from his fellow villagers."
        },
        {
            "mal_id": 672,
            "url": "https://myanimelist.net/character/672/Gintoki_Sakata",
            "images": {
                "jpg": {
                    "image_url": "https://cdn.myanimelist.net/images/characters/15/241479.jpg"
                },
                "webp": {
                    "image_url": "https://cdn.myanimelist.net/images/characters/15/241479.webp",
                    "small_image_url": "https://cdn.myanimelist.net/images/characters/15/241479t.webp"
                }
            },
            "name": "Gintoki Sakata",
            "name_kanji": "坂田 銀時",
            "nicknames": ["Yorozuya", "Shiroyasha", "Gin-san", "Gin-chan"],
            "favorites": 69472,
            "about": "Age: 27, 29 (2 years arc)\nBirthday: October 10 (Libra)\nHeight: 177 cm\nWeight: 65 kg\nLikes: sweets, alcohol, Shounen Jump, strawberry milk, pachinko\nDislikes: ghosts, horror stuff\nFavorite quote: \"Then and now, what I protect has never changed.\"\nOccupation: Yorozuya/Odd Jobs\n\nGintoki is a samurai living in an era when samurai are no longer needed. To add to his troubles, oppressive aliens have moved in to invade planet Earth. Gintoki works taking on odd jobs alongside two kids: Kagura and Shinpachi. In the Joui war, he was known as the \"White Devil\" (Shiroyasha) due to his silver hair and white clothing he wore in battle, which, combined with his impressive capabilities as a swordsman, made him famous among his comrades and struck fear in the hearts of the Amanto.\n\nGintoki has naturally permed silver hair, which he blames for his lacking love-life. He has a big crush on the TV's news weather girl, Ketsuno. In fact, to date, the only time he is seen to have blushed is when he tries to make use of Sadaharu and Ketsuno's dog to get a chance to talk to her.(Though he later does with Tsukuyo as well when she discovers him shopping) Though several female characters have shown an interest in Gintoki, he usually does not show any response and merely puts up with them as annoyances.\n\nGintoki has two major obsessions in life. He is obsessed with sweet food such as parfaits, ice cream and cakes. His second obsession is reading the manga anthology magazine Weekly Shounen Jump. (Which, not coincidentally, is where Gintama is published). Gintoki will go to great lengths to get the latest Jump issue, to the point of reckless behavior. His Jump obsession makes him dream of being like other Jump heroes, including wishing that he had a \"Bankai\" similar to the characters of Bleach.\n\nDespite his appearance and initial behavior, Gintoki has a great amount of pride for the old bushido code. He takes it upon himself to rescue or avenge not only his comrades and friends but also people he's barely acquainted with, be it a pit-fighter who was taking care of abandoned orphans or an Amanto who resembles a kappa.\n\nDespite being a fearsome fighter with nearly unmatched skills, he avoids needless bloodshed after suffering the loss of most of his friends and allies during the Joui war.\n\n(Source: Wikipedia, VS Battles Wiki, edited)"
        },
        {
            "mal_id": 422,
            "url": "https://myanimelist.net/character/422/Guts",
            "images": {
                "jpg": {
                    "image_url": "https://cdn.myanimelist.net/images/characters/9/347984.jpg"
                },
                "webp": {
                    "image_url": "https://cdn.myanimelist.net/images/characters/9/347984.webp",
                    "small_image_url": "https://cdn.myanimelist.net/images/characters/9/347984t.webp"
                }
            },
            "name": "Guts",
            "name_kanji": "ガッツ",
            "nicknames": [
                "The Black Swordsman",
                "Kuroi Kenshi",
                "Hundred Man Slayer",
                "Heartless Swordsman",
                "Struggler"
            ],
            "favorites": 68664,
            "about": "Eyes: brown\nHair: black\n\nHeight: 190cm (6'3\") \nWeight: \nGuts is the protagonist of the story. He is a tall, muscular man with a huge sword called the Dragon Slayer, a prosthetic left forearm that has a magnetic grip which also conceals a cannon. Guts is a tragic hero; he is born as one who may be able to struggle against Causality, but seemingly unable to affect it on a large scale.\n\nNote: His name has often times been translated by some English scanlation groups as \"Gatts,\" or \"Gutts,\" or \"Gattsu.\" However, the official translation provided to Dark Horse Comics by Kentaro Miura himself, is in fact, \"Guts.\""
        },
        {
            "mal_id": 34470,
            "url": "https://myanimelist.net/character/34470/Kurisu_Makise",
            "images": {
                "jpg": {
                    "image_url": "https://cdn.myanimelist.net/images/characters/10/114399.jpg"
                },
                "webp": {
                    "image_url": "https://cdn.myanimelist.net/images/characters/10/114399.webp",
                    "small_image_url": "https://cdn.myanimelist.net/images/characters/10/114399t.webp"
                }
            },
            "name": "Kurisu Makise",
            "name_kanji": "牧瀬 紅莉栖",
            "nicknames": [
                "Christina",
                "Assistant",
                "American Virgin",
                "Perverted Genius Girl",
                "The Zombie",
                "Celeb 17"
            ],
            "favorites": 61820,
            "about": "Age: 18\nBirthdate: July 25 (Leo)\nBlood type: A\nHeight: 160 cm\nWeight: 45 kg\n\nThe female protagonist. Kurisu is a research member in Victor Qondria University's Brain Research Program. Her age group matches that of third-year high schoolers, but she skipped a grade through America's educational system. She is also famous in America for writing theses papers, part of which is covered in the news. Thanks to skipping a grade in America as a girl, she was envied by people around her, and ended up building a strong personality. She does not want to show weakness to others, so she always has a stern expression. However, she is very curious, and when she builds interest, she pokes into things. Occasionally, she has views that differ from regular opinions, such as, \"The experiment data is more important than the subject's privacy.\" Rintarou often tells her, \"Hey, you've got a pretty good sense of being a Mad Scientist,\" but she is not one to agree to such things personally. She is a tsundere.\n\nRintarou has given her plenty of nicknames, in particular \"Christina\" (クリスティーナ) and \"Assistant\" (助手).\n\n\n\n(Source: naomi.thewafflehouse.net)"
        },
        {
            "mal_id": 40882,
            "url": "https://myanimelist.net/character/40882/Eren_Yeager",
            "images": {
                "jpg": {
                    "image_url": "https://cdn.myanimelist.net/images/characters/10/216895.jpg"
                },
                "webp": {
                    "image_url": "https://cdn.myanimelist.net/images/characters/10/216895.webp",
                    "small_image_url": "https://cdn.myanimelist.net/images/characters/10/216895t.webp"
                }
            },
            "name": "Eren Yeager",
            "name_kanji": "エレン・イェーガー",
            "nicknames": [],
            "favorites": 61575,
            "about": "Age: 15\n\nBirthdate: March 30\nHeight: 183 cm (6'0\")\nWeight: 63 kg (139 lbs)\nPosition: 104th Trainees Squad, Scouting Legion\nGraduation rank: 5th\n\nEren is Shingeki no Kyojin's protagonist. His childhood friend, Mikasa, notes on numerous occasions that he acts on impulse without thinking things through, and she often pulls/carries/throws him when he starts fighting with others to protect him from himself. Along with Mikasa, he tends to spend his free time with their mutual friend, Armin.\n\nHis father is a doctor (whom is well respected by Hannes and potentially many more) whilst his mother is a housewife.\n\n\n\nNote: Eren Yeager is the official English translation by Kodansha."
        },
        {
            "mal_id": 14,
            "url": "https://myanimelist.net/character/14/Itachi_Uchiha",
            "images": {
                "jpg": {
                    "image_url": "https://cdn.myanimelist.net/images/characters/9/284122.jpg"
                },
                "webp": {
                    "image_url": "https://cdn.myanimelist.net/images/characters/9/284122.webp",
                    "small_image_url": "https://cdn.myanimelist.net/images/characters/9/284122t.webp"
                }
            },
            "name": "Itachi Uchiha",
            "name_kanji": "うちは イタチ",
            "nicknames": [],
            "favorites": 60503,
            "about": "Age: 17-18 (I); 21 (II)\nBirthday: June 9th (Gemini)\nHeight: 175 cm (I); 178 cm (II)\nWeight: 57 kg (I); 58 kg (II)\nBlood Type: AB\nNature Type: Fire and Water\nFrom: Konohagakure (Leaf)\nRank: S-class Missing-Nin\nRegistered Ninja #: 012110\nAffiliation: Akatsuki\nRing: Shu (Red)\nFinger Position: Right Ring\nPartner: Hoshigaki Kisame\nFavorite Foods: Rice balls (kelp), cabbage, Dango\nLeast Favorite Foods: Steak\nHobby: Visiting traditional Japanese cafés\nFirst Manga Appearance: Ch. 139\nFirst Anime Appearance: Ep. 80\nAssignments Completed: 53 D-Rank, 152 C-Rank, 134 B-Rank, 0 A-Rank, 1 S-Rank\nFamous Quote: Foolish little brother, if you wish to kill me, hate me, detest me, and survive in an unsightly way. Run, run and cling to life.\n\nBackground:\nItachi Uchiha is a missing-nin from Konohagakure, and a prominent member of Akatsuki, partnered with Kisame Hoshigaki. He is Sasuke Uchiha's older brother. \n\nItachi is relatively popular among many fans of Naruto, often having ranked in the top ten in Shonen Jump magazine's popularity polls since his introduction. He was first ranked in the third character popularity poll ranked in 11th place. He was ranked 9th place during the fourth popularity poll, and 6th place in the fifth popularity poll. During the sixth popularity poll, he again was ranked in 11th place. In the last poll, he was ranked in 5th place.\n\nItachi was born into the Uchiha clan and was praised by all as the best of his generation - a genius above all others. Even by the standards of the battle-adept Uchiha clan, Itachi's prowess far outshined all others. However, not even his family, friends, or teachers could understand him. When he was only 4, Itachi had already witnessed countless lives lost due to the Third Great Shinobi World War, which emotionally traumatized him and turned him into a pacifist. At age 7, he graduated from the Ninja Academy at the top of his class after only one year, mastered the Sharingan at age 8, passed the Chunin Exams at age 10, and became ANBU Captain at age 13. According to Madara Uchiha, Itachi also had a lover, whom he killed during the Uchiha clan massacre.\n\nHe was praised highly by his father, who saw the family's future in Itachi, hence neglecting his other son - Itachi's younger brother, Sasuke. However, during this time Itachi showed great affection towards his little brother, Sasuke, and even encouraged his father to come to the Academy when Sasuke was enrolled, something their dad had otherwise forgotten, by saying that he would not go to an important mission, that would establish Itachi a place in the ANBU ranks, otherwise.\n\n\nPersonality:\n\nAs a member of Akatsuki, he possessed incredible self-control of his emotions. He constantly displayed an emotionless personality. He only showed surprise when opponents proved more powerful or skilled than he had expected, and even then he didn't lose his composure. He did not possess any arrogance, and fully justified any statements he made about his power, even complimenting his opponents at times on their abilities.\n\nIn addition to being an extremely powerful ninja, Itachi had equally impressive intelligence, and was shown to be very wise. He was exceedingly sharp and observant to any situation at hand, as he was rarely surprised or caught off guard. He also displayed great intuition, as he was almost never deceived and even then almost instantly realized the truth. Despite his status as a wanted criminal, and having murdered a significant portion of his family, Itachi took no enjoyment in violence or combat, instead preferring to avoid battle or, if this was not possible, end it as quickly as he could.\n\nItachi's only initial interest was in Akatsuki's goals, and his only loyalties appeared to be to the organization and its members, seeming to put the organization's success and secrecy before everything else. As such, Itachi got along with his partner, Kisame, much better than most other Akatsuki members did with their own partners. Kisame appeared to have a deep loyalty to Itachi, immediately doing as he instructed and constantly looking out for his well-being. Itachi treated all of his fellow Akatsuki members to this same, more respectful personality, although his courtesy was rarely returned by the other members.\n\n\nDespite his status as an infamous shinobi, his appearance was not the most intimidating, apart from the intensity of his eyes. While living in Konoha, he would regularly have a gentle and caring look in his eyes, especially directed towards his younger brother. After joining Akatsuki, he would regularly have a stern look to them. He was a fairly tall shinobi, whose basic appearance was very much like the rest of his clan.\n\nHe, like all members of his clan, possessed dark grey eyes, and also had black hair that hung near his cheeks to frame his face. He also had the addition of a long ponytail in the back of his hair (which he obscured with his Akatsuki cloak after joining the organization). Being brothers, Itachi and Sasuke had a similar appearance, but with subtle differences. Itachi's hair color appeared slightly duller and with a softer flow to it, without the spiky style at the back. His skin was also slightly darker. Itachi's most distinguishing characteristics were the long pronounced creases under his eyes.\n\nWhen he lived in Konoha, his casual clothes would consist of a black shirt with a large Uchiha clan symbol on the back of it, and black pants with a weapons pouch strapped to them. When on duty, he would wear the traditional ANBU uniform, although he was never shown wearing a mask. As a member of Akatsuki, he wore the traditional Akatsuki cloak, and usually kept the center of it buttoned down. After his cloak was incinerated by Sasuke's Kirin during their fight in Part II, it was revealed that he still wore his casual clothes underneath it. Like almost all members of Akatsuki, he wore the headband of his home village, Konoha, with a line gouged through it, to symbolize his broken ties with the village \nAbilities:\nSince a young age, Itachi's intellect and talent showed their brilliance in everything he did, as even his teachers said his progress hardly required any help. In the few battles he had been seen in since the start of the series, Itachi was shown to be an incredibly powerful ninja, and easily one of the strongest in the Naruto series, as demonstrated by his ability to easily defeat Deidara, Sasuke, Kakashi Hatake, Kurenai Yuhi and Orochimaru (twice), who themselves are considered amongst the strongest ninjas in Naruto. Being a pacifist, Itachi did not actively take part in battle, typically only acting in self-defense.\n\nSharingan:\nBeing of the Uchiha Clan, and as noted by Kakashi, Itachi was a true successor of the Sharingan Eye. From a stationary position, he would study an opponent's movements with his Sharingan and respond accordingly, often with a genjutsu. He could cast a genjutsu by merely pointing at or looking at someone, and could similarly turn an opponent's genjutsu against them with Demonic Illusion: Mirror Heaven and Earth Change. Itachi had trained so much with his eyes that he had reached the stage where he could have his Sharingan activated the entire time, with minimal drain on his chakra levels. \n\nMangekyo Sharingan:\nItachi possessed the Mangekyo Sharingan, which increased his already great power, and enabled him to use his most powerful techniques. With his left eye, he could use Tsukuyomi, a genjutsu that traps an opponent's mind in an illusionary world, torturing them for what seems like days in a matter of seconds.With his right eye he could use Amaterasu, a ninjutsu which allowed him to create a black flame that he could direct by moving his eye to burn through seemingly anything in its path, including fire itself. His final technique was Susanoo, a technique that manifested itself as a spectral being, labelled as the \"Raging God of Battle\" in the databook. It wielded the Totsuka Sword, an ethereal sword with the ability to seal anything it pierces into the gourd that serves as its hilt, and Yata's Mirror, a shield that can reflect any attack. Zetsu, a fellow Akatsuki member, stated that Itachi's mastery of the Sharingan, combined with the legendary weapons of Susanoo, made him invincible.\n\n\n(Source: Naruto.com, Naruto Wikia)"
        },
        {
            "mal_id": 40881,
            "url": "https://myanimelist.net/character/40881/Mikasa_Ackerman",
            "images": {
                "jpg": {
                    "image_url": "https://cdn.myanimelist.net/images/characters/9/215563.jpg"
                },
                "webp": {
                    "image_url": "https://cdn.myanimelist.net/images/characters/9/215563.webp",
                    "small_image_url": "https://cdn.myanimelist.net/images/characters/9/215563t.webp"
                }
            },
            "name": "Mikasa Ackerman",
            "name_kanji": "ミカサ・アッカーマン",
            "nicknames": [],
            "favorites": 52216,
            "about": "Age: 15, \nBirthdate: February 10\nHeight: 170 cm (5'7\")\nWeight: 68 kg (150 lbs)\nPosition: 104th Trainees Squad, Scouting Legion\nGraduation rank: 1st\n\nMikasa is Eren's childhood friend, along with Armin. Mikasa shares an unbreakable bond with Eren following events in their past, and rushes to protect him whenever he is in danger. Mikasa possesses impressive fighting skill and strength even as a child.\n\nAs a teen, Mikasa is considered a genius among all the army trainees and is incredibly skilled at combat and agility. She constantly worries for Eren's well-being and lives to protect him."
        },
        {
            "mal_id": 67065,
            "url": "https://myanimelist.net/character/67065/Hachiman_Hikigaya",
            "images": {
                "jpg": {
                    "image_url": "https://cdn.myanimelist.net/images/characters/4/203555.jpg"
                },
                "webp": {
                    "image_url": "https://cdn.myanimelist.net/images/characters/4/203555.webp",
                    "small_image_url": "https://cdn.myanimelist.net/images/characters/4/203555t.webp"
                }
            },
            "name": "Hachiman Hikigaya",
            "name_kanji": "比企谷 八幡",
            "nicknames": ["Hikki", "Hikitani", "Hikio", "Hikigaeru", "Hikigerma", "Fishigaya"],
            "favorites": 49788,
            "about": "Age: 17\nDate of Birth: August 8\nHair Color: Black\nEye Color: Grey\nBlood type: A\nOccupation: high school student, member of Service Club\nAffiliation: Sobu High School\n\nHachiman is the story's main protagonist, an isolated, friendless boy who is pragmatic to a fault. His most prominent feature is his set of \"dead fish-eyes.\" He firmly believes that \"youth\" is simply an illusion created by hypocrites, for hypocrites, born from the ashes of past failures. In this state of apparent corruption, he is coerced into joining the Service Club by his futures advisor in the hopes that exposing him to the world will change his personality, and ultimately make him a \"better person.\" He is called \"Hikki\" affectionately by Yui.\n\n(Source: Vistrans, Yahari Wikia)"
        },
        {
            "mal_id": 87275,
            "url": "https://myanimelist.net/character/87275/Ken_Kaneki",
            "images": {
                "jpg": {
                    "image_url": "https://cdn.myanimelist.net/images/characters/9/251339.jpg"
                },
                "webp": {
                    "image_url": "https://cdn.myanimelist.net/images/characters/9/251339.webp",
                    "small_image_url": "https://cdn.myanimelist.net/images/characters/9/251339t.webp"
                }
            },
            "name": "Ken Kaneki",
            "name_kanji": "金木 研",
            "nicknames": ["Centipede", "Dragon", "Eyepatch", "The Black Reaper"],
            "favorites": 47827,
            "about": "Age: 18 (Pre-Aogiri), 19 (Post-Aogiri), \nBirthday: December 20\nHeight: 169 cm (Pre-Aogiri), 169.5 cm (Post-Aogiri), 170 cm (Tokyo Ghoul:re)\nWeight: 55 kg (Pre-Aogiri), 58 kg (Post-Aogiri)\nBlood type: AB\nRc Type: Rinkaku\nLikes: reading, clean words, intellectual women, hamburgers\n\nOriginally born as a human, his encounter with a female ghoul under the name of Kamishiro Rize forced him to undergo emergency surgery procedures after his assault by her. Cunning and manipulative, Rize uses her charms and Kaneki's attraction toward her as a means of getting her next \"meal.\" After the attack, Kaneki is rushed to the hospital in a half-dead state with Rize. A doctor of the name Kanou, who secretly experiments with ghouls, humans, and half-ghouls, transplants what Kaneki believes to be a kidney into his body as a means of saving his life in the dire situation. Soon he learns that he had part of Rize's kagune transplanted into him, becoming the first of many human-ghoul experiments Kanou will conduct.\n\nDue to the unnatural abundance of RC Cells now present in his body because of Rize's kagune, Kaneki loses the ability to stomach human food, often getting sick or vomiting when ingesting any, and gains the powers of regeneration and kagune usage as a result. Because of his morals and attachment to humanity, Kaneki refuses to consume human beings as a means to sustain himself, even when the meat is obtained through non-violent means, rather he consumes large amounts of coffee, and, when absolutely necessary, will cannibalize other ghouls.\n\nLater, he joins with several ghouls, Banjou and Tsukiyama Shuu, in order to reduce the number of ghouls that cause havoc in the world to make the lives of humans better. Due to the nature of his ghoul mask and physical features, Kaneki earns himself the name \"One-Eye\" among the ghoul-community, and eventually \"Centipede\" when his kagune takes the form of one after he is put under immense stress, pressure, and anxiety. The CCG eventually dub him to be an SS-Rated ghoul.\n\n\n\nTokyo Ghoul:re\n\n\n(Source: Tokyo Ghoul Wiki)"
        },
        {
            "mal_id": 164471,
            "url": "https://myanimelist.net/character/164471/Satoru_Gojou",
            "images": {
                "jpg": {
                    "image_url": "https://cdn.myanimelist.net/images/characters/15/422168.jpg"
                },
                "webp": {
                    "image_url": "https://cdn.myanimelist.net/images/characters/15/422168.webp",
                    "small_image_url": "https://cdn.myanimelist.net/images/characters/15/422168t.webp"
                }
            },
            "name": "Satoru Gojou",
            "name_kanji": "五条 悟",
            "nicknames": ["The Strongest Jujutsu Sorcerer"],
            "favorites": 45199,
            "about": "Age: 28\nBirthday: December 7, 1989\nHeight: 190 cm (6' 3\")\nClan: Gojou Clan\nHair: White\nEyes: Light Blue\nGrade: Special Grade\nAbilities:\nImmense Strength, Immense Speed &amp; Reflexes, Tactical Intellect, High Skill, Immense Cursed Energy, Infinity, Cursed Technique Lapse: Blue, Cursed Technique Reversal: Red, Hollow Purple, Six Eyes, Limitless, Domain Expansion: Unlimited Void. \n\nSatoru Gojou is the first-year teacher at Tokyo Metropolitan Magic Technical College.\n\nWhen interacting with his students and friends, he is known to be quite playful and carefree. However, towards his enemies he has shown to be quite cruel and rebellious, he is also very confident in his abilities and reputation as a powerful sorcerer.\n\n(Source: Jujutsu Kaisen Wiki)"
        },
        {
            "mal_id": 73935,
            "url": "https://myanimelist.net/character/73935/Saitama",
            "images": {
                "jpg": {
                    "image_url": "https://cdn.myanimelist.net/images/characters/11/294388.jpg"
                },
                "webp": {
                    "image_url": "https://cdn.myanimelist.net/images/characters/11/294388.webp",
                    "small_image_url": "https://cdn.myanimelist.net/images/characters/11/294388t.webp"
                }
            },
            "name": "Saitama",
            "name_kanji": "サイタマ",
            "nicknames": ["Caped Baldy"],
            "favorites": 45106,
            "about": "Race: Human\nAge: 25\nHeight: 175 cm (5'9\")\nWeight: 70 kg (154 lbs)\nLocation: Z-City\nAbilities: Immeasurable Strength, Immeasurable Speed and Reflexes, Infinite Stamina, Supernatural Senses, Invulnerability, Indomitable Will\nOccupation: Superhero\nLevel:\n\nAffiliation: Hero Association\nPartner(s): Genos\n\nSaitama is the most powerful hero alive. Having apparently trained himself to superhuman condition, Saitama faces an existential crisis as he is now too powerful to gain any thrill from his heroic deeds.\n\nHe is registered with the Heroes Association as a C-Class Superhero and is tasked to defend Z-City against Mysterious Beings.\n\nSaitama is usually deliberately drawn in a simpler style than other characters, with a very rounded head and only a simple mouth and eyes. When drawn in a more 'action-oriented' style with more detail, Saitama is revealed to have sharp features, dangerous looking eyes, and chiseled musculature. His costume is a plain yellow jumpsuit with a short zipper at the collar and a belt. The costume is finished out by an ensemble of red boots and gloves, and a white cape.\n\nFor a superhero, Saitama is rather laid back. Because even the mightiest foes pose no challenge to him, he doesn't take his hero work very seriously. In spite of this, he is constantly searching for an opponent that can challenge him, since his superhero work is beginning to bore him because it's too easy. The combination of his attitude, unstoppable strength, and distinctively simple and 'unimpressive' appearance often cause his battles to become anticlimactic. Saitama will usually allow his opponents to rant about their motives and power up into their strongest forms before suddenly and nonchalantly obliterating them with one punch.\n\n(Source: One Punch-Man Wiki)"
        },
        {
            "mal_id": 85,
            "url": "https://myanimelist.net/character/85/Kakashi_Hatake",
            "images": {
                "jpg": {
                    "image_url": "https://cdn.myanimelist.net/images/characters/7/284129.jpg"
                },
                "webp": {
                    "image_url": "https://cdn.myanimelist.net/images/characters/7/284129.webp",
                    "small_image_url": "https://cdn.myanimelist.net/images/characters/7/284129t.webp"
                }
            },
            "name": "Kakashi Hatake",
            "name_kanji": "はたけ カカシ",
            "nicknames": ["The Copy Ninja"],
            "favorites": 44547,
            "about": "Age: 26–27 (Part I); 29–31 (Part II)\nBirthday: September 15\nHoroscope: Virgo\nBlood type: O\nHeight: 5\"11\"\nWeight: 67.5 kg \nHair: Silver\nEyes: Grey, Sharingan\nRank: Jonin, Former ANBU\nLikes: Icha-Icha series, Broiled Saury with salt, Miso soup with eggplant\nDislikes: Anything sweet\nQuote: (from Obito) \"A shinobi who violates the rules is scum, but a shinobi who abandons their friends is worse than scum.\"\n\nMajor Background Spoilers\n\nKakashi has an ongoing, albeit slightly one-sided, rivalry with Might Guy, with Guy constantly proclaiming that Kakashi is his rival, and considering his and Kakashi's subordinates rivals. Kakashi, however, seems indifferent to their rivalry, which annoys Guy to no end. Guy randomly challenges Kakashi to contests of skill, and Kakashi has acquired a record of 49 wins and 50 losses in doing so. Given that the contests that make up this figure are so varied (ranging from Rock, Paper, Scissors to sumo-wrestling), this is not much of an achievement on Guy's part. Nevertheless, Guy is proud of his record.\n\nThough he evasively says that he has \"many hobbies\" when asked about himself, he is commonly seen reading of \"Icha Icha Paradise\" (イチャイチャパラダイス, Icha Icha Paradaisu, literally \"Make Out Paradise\"), an adult and probably pornographic novel authored by Jiraiya that is a runaway bestseller in the Naruto world. Kakashi most prominently reads it while training and speaking with his team, and is later seen reading the second known volume in the series, \"Icha Icha Violence\" (イチャイチャバイオレンス, Icha Icha Baiorensu, literally \"Make Out Violence\"). In Part II Naruto gives him the new \"Icha Icha Tactics\" (イチャイチャタクティクス, Icha Icha Takutikusu, literally \"Make Out Tactics\").\n\nKakashi's Sharingan eye gives him a significant advantage in battle, as he can copy enemy techniques and use them as his own, as well as track and predict his opponent's movements flawlessly. Because it is a transplanted eye, his Sharingan eye is always active. While this would not be much of a problem for an Uchiha, his non-Uchiha blood causes it to use much more chakra than it should. Because of this, he covers it with his headband and only utilizes it in the most dangerous battles. Kakashi's use of the Sharingan is as good as that of Itachi Uchiha, though the aforementioned handicaps brought about by the nature of his eye make him somewhat weaker in comparison. In Part II Kakashi is able to develop his own Mangekyo Sharingan. With his variant he is able to manipulate space-time to conduct long range attacks, and in its two uses has been capable of severing another's arms and otherwise sending things to different dimensions. Much like the standard Sharingan, the Mangekyo Sharingan tires Kakashi considerably, and after using it only three times he was hospitalized for a week due to its chakra usage.\n\nWith his Sharingan Kakashi has been able to copy more than one thousand jutsu, giving him the nickname \"Copy Ninja Kakashi\". As a result, Kakashi's arsenal most prominently features ninjutsu abilities and has led to him becoming a specialist in the field. Many of the jutsu he has been seen copying in the series are water-based attacks, though most of these he only uses against the person he copies them from. He does, however, use Water Release: Water Encampment Wall on occasion as a way to block attacks. He less frequently uses other elemental attacks such as Fire Release: Great Fireball Technique to attack opponents or Earth Release: Inner Decapitation Technique (土遁・心中斬首の術, Doton: Shinjū Zanshu no Jutsu, Viz \"Groundhog Technique Decapitation\", English TV \"Headhunter Jutsu\") to pull opponents below ground and immobilize them. He can also create shadow clones, though because he lacks Naruto's chakra reserves, he exercises the ability with caution, rarely creating more than one at a time.\n\nWhile Kakashi specializes in the use of ninjutsu due to his Sharingan he is fairly adept with other jutsu types, though his use of them is rarely seen. Demonic Illusion: Hell Viewing Technique (魔幻・奈烙見の術, Magen: Narakumi no Jutsu) causes his opponent to see what they would find a horrifying vision, keeping them preoccupied until they can overcome the illusion. A Thousand Years of Pain (death in english dub) (千年殺し, Sennen Goroshi) consists of Kakashi forcefully plunging his index and middle fingers into an opponent's rectum. While only capable of launching the opponent humorous distances in typical uses, the fingers can be replaced with kunai attached with exploding tags to actually do damage to the person one is attacking.\n\nWhen he was younger, Kakashi was taught how to use the Rasengan by the Fourth Hokage. Because the Rasengan is meant to have the user's chakra nature mixed with it, Kakashi attempted to add his lightning-based chakra to it, though was ultimately unsuccessful. In time he instead created the Chidori, his only original jutsu. After the jutsu's initial creation, Kakashi was unable to use the Chidori to its full potential as the sheer speed of the attack left his normal eyes unable to see any form of an enemy counterattack. After acquiring the Sharingan, however, he was able to overcome this shortcoming. Through repeated use and increased proficiency with it, Kakashi's Chidori has been upgraded and renamed to the Lightning Blade due to him having cut through a bolt of lightning with it."
        },
        {
            "mal_id": 118763,
            "url": "https://myanimelist.net/character/118763/Rem",
            "images": {
                "jpg": {
                    "image_url": "https://cdn.myanimelist.net/images/characters/9/311327.jpg"
                },
                "webp": {
                    "image_url": "https://cdn.myanimelist.net/images/characters/9/311327.webp",
                    "small_image_url": "https://cdn.myanimelist.net/images/characters/9/311327t.webp"
                }
            },
            "name": "Rem",
            "name_kanji": "レム",
            "nicknames": [],
            "favorites": 44047,
            "about": "Age: 17\nBirthday: February 2\nHeight: 154 cm (5'0)\n\nRem is one of the twin maids working for Roswaal L Mathers. She tends to speak in a superficially polite manner and sometimes acts without thinking. She holds both worshipping respect and guilt toward her sister for an incident in the past; because of this, Rem tends to think of herself as inferior.\n\n\n(Source: Re:Zero Wiki)\n\n\n(Source: Re:Zero Wiki)"
        },
        {
            "mal_id": 1,
            "url": "https://myanimelist.net/character/1/Spike_Spiegel",
            "images": {
                "jpg": {
                    "image_url": "https://cdn.myanimelist.net/images/characters/4/50197.jpg"
                },
                "webp": {
                    "image_url": "https://cdn.myanimelist.net/images/characters/4/50197.webp",
                    "small_image_url": "https://cdn.myanimelist.net/images/characters/4/50197t.webp"
                }
            },
            "name": "Spike Spiegel",
            "name_kanji": "スパイク・スピーゲル",
            "nicknames": [],
            "favorites": 43407,
            "about": "Birthdate: June 26, 2044\nHeight: 185 cm (6' 1\")\nWeight: 70 kg (155 lbs)\nBlood type: O\nPlanet of Origin: Mars\n\nSpike Spiegel is a tall and lean 27-year-old bounty hunter born on Mars. The inspiration for Spike is found in martial artist Bruce Lee who uses the martial arts style of Jeet Kune Do as depicted in Session 8, \"Waltz For Venus\". He has fluffy, dark green hair (which is inspired by Yusaku Matsuda's) and reddish brown eyes, one of which is artificial and lighter than the other. He is usually dressed in a blue leisure suit, with a yellow shirt and Lupin III inspired boots. A flashback in Session 6 revealed it was his fully functioning right eye which was surgically replaced by the cybernetic one (although Spike himself may not have conscious recollection of the procedure since he claims to have lost his natural eye in an \"accident\"). One theory is that his natural eye may have been lost during the pre-series massacre in which he supposedly \"died\". The purpose of this cybernetic eye is never explicitly stated, though it apparently gives him exceptional hand-eye coordination - particularly with firearms (Spike's gun of choice is a Jericho 941, as seen throughout the series). In the first episode, when facing a bounty-head using Red Eye, Spike mocks him, calling his moves \"too slow\". At first, this seems like posturing on Spike's part, but even with his senses and reflexes accelerated to superhuman levels by the drug, the bounty cannot even touch Spike. A recurring device throughout the entire show is a closeup on Spike's fully-natural left eye before dissolving to a flashback of his life as part of the syndicate. As said by Spike himself in the last episode, his right eye \"only sees the present\" and his left eye \"only sees the past.\" Spike often has a bent cigarette between his lips, sometimes despite rain or \"No Smoking\" signs."
        },
        {
            "mal_id": 22037,
            "url": "https://myanimelist.net/character/22037/Hitagi_Senjougahara",
            "images": {
                "jpg": {
                    "image_url": "https://cdn.myanimelist.net/images/characters/11/287902.jpg"
                },
                "webp": {
                    "image_url": "https://cdn.myanimelist.net/images/characters/11/287902.webp",
                    "small_image_url": "https://cdn.myanimelist.net/images/characters/11/287902t.webp"
                }
            },
            "name": "Hitagi Senjougahara",
            "name_kanji": "戦場ヶ原 ひたぎ",
            "nicknames": ["Tsundere-chan", "Gahara-san", "Senshougahara-san"],
            "favorites": 39229,
            "about": "Birthday: July 7\nHeight: 165 cm\nWeight: Unknown \nHitagi, a main female character of Bakemonogatari, is a weak-looking girl with an \"incurable disease.\" She is in the same class as Koyomi, but he has almost never heard her speak. When she was in the first year of high school, she encountered a mysterious crab, after which she became nearly weightless. Ever since then, she has avoided contact with everyone else, threatening everyone who discovers her secret. She jokingly labels herself as a tsundere and speaks with a sharp tongue."
        },
        {
            "mal_id": 36765,
            "url": "https://myanimelist.net/character/36765/Kazuto_Kirigaya",
            "images": {
                "jpg": {
                    "image_url": "https://cdn.myanimelist.net/images/characters/7/204821.jpg"
                },
                "webp": {
                    "image_url": "https://cdn.myanimelist.net/images/characters/7/204821.webp",
                    "small_image_url": "https://cdn.myanimelist.net/images/characters/7/204821t.webp"
                }
            },
            "name": "Kazuto Kirigaya",
            "name_kanji": "桐ヶ谷 和人",
            "nicknames": ["Kirito", "The Black Swordsman", "Beater", "Kazu"],
            "favorites": 39101,
            "about": "Birthday: October 7, 2008\nAge: 14 (Beginning of Aincrad arc), 16 (End of Aincrad arc, Fairy Dance arc), 17 (Phantom Bullet arc) 18 (Mother's Rosario) 18 (Alicilization)\nHeight: 172 cm\nWeight: 59 kg\nWeapon(s) of choice: Anneal Blade (1st Level), Queen's Knightblade (9th Level), Elucidator (50th level), Dark Repulser (forged by Lisbeth), and Holy Sword Excalibur (obtained from the \"Calibur Quest\").\n\nKirito is the protagonist of Sword Art Online. He is a \"solo\" player, a player who hasn't joined a guild and usually works alone. He is also one of the very few people to have had the privilege to play in the beta testing period of Sword Art Online. His game alias, Kirito, is created by taking the syllables of the first and last Kanji of his real last and first names respectively: (Kirigaya Kazuto). In the real world, he lives with his aunt and younger cousin in a family of 3.\n\nWhen Kayaba announced the start of the death game, he is surprised, but unlike everyone else, he quickly gets over it and accepts it to an extent. He invited his friend Klein to go with him but Klein had to find his friends in the game. He was invited to join them but he declined as he couldn't take the pressure of protecting them even with his beta testing knowledge of the game.\n\nKirito tends to use a single handed straight sword. The blade that he uses most often is the Elucidator. Later on, he acquires a second blade called Dark Repulser that was made by his blacksmith friend, Lisbeth."
        }
    ]
}
